<?xml version="1.0"?>
<scenario>
  <name>Case Study</name>
  <ngoCount>2</ngoCount>
  <duration>84900000</duration>
  <hoursInDay>1</hoursInDay>
  <mode>false</mode>
  <ngo>
    <name>Lachlanrety</name>
    <passkey>1</passkey>
  </ngo>
  <ngo>
    <name>Lachlan</name>
    <passkey>1</passkey>
  </ngo>
  <event>
    <recipient>Lachlanrety</recipient>
    <subject>image</subject>
    <time>0:0:10</time>
    <type>pdf</type>
    <location>/currentScenario/files/000_Needs_assessment_letter.pdf</location>
  </event>
</scenario>