<?xml version="1.0"?>
<scenario>
  <name>Team16 Demo</name>
  <ngoCount>4</ngoCount>
  <duration>60000</duration>
  <hoursInDay>1</hoursInDay>
  <mode>false</mode>
  <ngo>
    <name>Lachlan</name>
    <passkey>1</passkey>
  </ngo>
  <ngo>
    <name>Riley</name>
    <passkey>2</passkey>
  </ngo>
  <ngo>
    <name>Tom</name>
    <passkey>3</passkey>
  </ngo>
  <ngo>
    <name>Daniel</name>
    <passkey>4</passkey>
  </ngo>
  <event>
    <recipient>Lachlan</recipient>
    <subject>e1</subject>
    <time>0:0:10</time>
    <type>pdf</type>
    <location>/currentScenario/files/SebadoahReview.pdf</location>
  </event>
  <event>
    <recipient>Riley</recipient>
    <subject>e2</subject>
    <time>0:0:30</time>
    <type>pdf</type>
    <location>/currentScenario/files/SebadoahReview.pdf</location>
  </event>
  <event>
    <recipient>Tom</recipient>
    <subject>e3</subject>
    <time>0:0:30</time>
    <type>pdf</type>
    <location>/currentScenario/files/SebadoahReview.pdf</location>
  </event>
  <event>
    <recipient>Daniel</recipient>
    <subject>e4</subject>
    <time>0:0:30</time>
    <type>pdf</type>
    <location>/currentScenario/files/SebadoahReview.pdf</location>
  </event>
  <event>
    <recipient>Lachlan</recipient>
    <subject>e5</subject>
    <time>0:0:20</time>
    <type>pdf</type>
    <location>/currentScenario/files/SebadoahReview.pdf</location>
  </event>
  <event>
    <recipient>Riley</recipient>
    <subject>e6</subject>
    <time>0:1:0</time>
    <type>pdf</type>
    <location>/currentScenario/files/SebadoahReview.pdf</location>
  </event>
  <event>
    <recipient>Tom</recipient>
    <subject>e7</subject>
    <time>0:1:0</time>
    <type>pdf</type>
    <location>/currentScenario/files/SebadoahReview.pdf</location>
  </event>
  <event>
    <recipient>Lachlan</recipient>
    <subject>e8</subject>
    <time>0:1:30</time>
    <type>pdf</type>
    <location>/currentScenario/files/SebadoahReview.pdf</location>
  </event>
  <event>
    <recipient>Riley</recipient>
    <subject>e9</subject>
    <time>0:1:30</time>
    <type>pdf</type>
    <location>/currentScenario/files/SebadoahReview.pdf</location>
  </event>
  <event>
    <recipient>Tom</recipient>
    <subject>e10</subject>
    <time>0:1:30</time>
    <type>pdf</type>
    <location>/currentScenario/files/SebadoahReview.pdf</location>
  </event>
  <event>
    <recipient>Daniel</recipient>
    <subject>e11</subject>
    <time>0:1:30</time>
    <type>pdf</type>
    <location>/currentScenario/files/SebadoahReview.pdf</location>
  </event>
  <event>
    <recipient>Daniel</recipient>
    <subject>e12</subject>
    <time>0:1:0</time>
    <type>pdf</type>
    <location>/currentScenario/files/SebadoahReview.pdf</location>
  </event>
</scenario>