<?xml version="1.0"?>
<scenario>
  <name>t</name>
  <ngoCount>7</ngoCount>
  <duration>3600000</duration>
  <hoursInDay>1</hoursInDay>
  <mode>false</mode>
  <ngo>
    <name>1</name>
    <passkey>1</passkey>
  </ngo>
  <ngo>
    <name>r</name>
    <passkey>q</passkey>
  </ngo>
  <ngo>
    <name>r</name>
    <passkey>d</passkey>
  </ngo>
  <ngo>
    <name>r</name>
    <passkey>f</passkey>
  </ngo>
  <ngo>
    <name>r</name>
    <passkey>g</passkey>
  </ngo>
  <ngo>
    <name>r</name>
    <passkey>h</passkey>
  </ngo>
  <ngo>
    <name>r</name>
    <passkey>j</passkey>
  </ngo>
  <event>
    <recipient>1</recipient>
    <subject>1</subject>
    <time>1:1:1</time>
    <type>pdf</type>
    <location>/currentScenario/files/ENGR_complaint.pdf</location>
  </event>
</scenario>