<?xml version="1.0"?>
<scenario>
  <name>Demo</name>
  <ngoCount>4</ngoCount>
  <duration>60000</duration>
  <hoursInDay>1</hoursInDay>
  <mode>false</mode>
  <ngo>
    <name>Peace_Doves</name>
    <passkey>1</passkey>
  </ngo>
  <ngo>
    <name>Red_Heart</name>
    <passkey>2</passkey>
  </ngo>
  <ngo>
    <name>EWB</name>
    <passkey>3</passkey>
  </ngo>
  <ngo>
    <name>People_First</name>
    <passkey>4</passkey>
  </ngo>
  <tag>Peace</tag>
  <tag>War</tag>
  <tag>Love</tag>
  <event>
    <recipient>Peace_Doves</recipient>
    <subject>Needs Assessment</subject>
    <time>0:0:10</time>
    <type>pdf</type>
    <location>/currentScenario/files/000_Needs_assessment_letter.pdf</location>
  </event>
  <event>
    <recipient>Red_Heart</recipient>
    <subject>Activation of Cluster System</subject>
    <time>0:10:0</time>
    <type>pdf</type>
    <location>/currentScenario/files/001_Activation_of_Cluster_System.pdf</location>
  </event>
  <event>
    <recipient>EWB</recipient>
    <subject>Purchase from Umbala</subject>
    <time>0:15:0</time>
    <type>pdf</type>
    <location>/currentScenario/files/002_Purchase_from_Umbala.pdf</location>
  </event>
  <event>
    <recipient>People_First</recipient>
    <subject>Budget Request</subject>
    <time>0:20:0</time>
    <type>pdf</type>
    <location>/currentScenario/files/004_HQ_Budget_Request.pdf</location>
  </event>
  <event>
    <recipient>Peace_Doves</recipient>
    <subject>DisCom Flood Update</subject>
    <time>0:25:0</time>
    <type>pdf</type>
    <location>/currentScenario/files/005_DisCom_Flood_Update.pdf</location>
  </event>
  <event>
    <recipient>Red_Heart</recipient>
    <subject>Request Cluster SitReps</subject>
    <time>0:30:0</time>
    <type>pdf</type>
    <location>/currentScenario/files/006_Request_Cluster_SitReps.pdf</location>
  </event>
  <event>
    <recipient>People_First</recipient>
    <subject>No Daily SitRep</subject>
    <time>0:35:0</time>
    <type>pdf</type>
    <location>/currentScenario/files/007_HQ_No_Daily_SitRep.pdf</location>
  </event>
  <event>
    <recipient>Peace_Doves</recipient>
    <subject>No Budget</subject>
    <time>0:40:0</time>
    <type>pdf</type>
    <location>/currentScenario/files/008_HQ_No_Budget.pdf</location>
  </event>
  <event>
    <recipient>Red_Heart</recipient>
    <subject>No Daily Cluster SitReps</subject>
    <time>0:50:0</time>
    <type>pdf</type>
    <location>/currentScenario/files/009_No_Daily_Cluster_SitReps.pdf</location>
  </event>
  <event>
    <recipient>EWB</recipient>
    <subject>Site Info Request</subject>
    <time>1:0:0</time>
    <type>pdf</type>
    <location>/currentScenario/files/010_HQ_Site_Info_Request.pdf</location>
  </event>
  <event>
    <recipient>Peace_Doves</recipient>
    <subject>Planning Request</subject>
    <time>1:5:0</time>
    <type>pdf</type>
    <location>/currentScenario/files/011_HQ_Planning_Request.pdf</location>
  </event>
  <event>
    <recipient>Red_Heart</recipient>
    <subject>Video Message</subject>
    <time>1:10:0</time>
    <type>video</type>
    <location>/currentScenario/files/testmp4.mp4</location>
  </event>
  <event>
    <recipient>EWB</recipient>
    <subject>Audio Message</subject>
    <time>1:20:0</time>
    <type>audio</type>
    <location>/currentScenario/files/testmp3.mp3</location>
  </event>
  <event>
    <recipient>People_First</recipient>
    <subject>Image Transmission</subject>
    <time>1:30:0</time>
    <type>image</type>
    <location>/currentScenario/files/testjpg.jpg</location>
  </event>
  <event>
    <recipient>Peace_Doves</recipient>
    <subject>Day in Life Request</subject>
    <time>1:40:0</time>
    <type>pdf</type>
    <location>/currentScenario/files/015_HQ_DayinLife_Request.pdf</location>
  </event>
  <event>
    <recipient>Red_Heart</recipient>
    <subject>Needs assessment letter</subject>
    <time>1:50:0</time>
    <type>pdf</type>
    <location>/currentScenario/files/000_Needs_assessment_letter.pdf</location>
  </event>
  <event>
    <recipient>EWB</recipient>
    <subject>Purchase from Umbala</subject>
    <time>2:2:0</time>
    <type>pdf</type>
    <location>/currentScenario/files/002_Purchase_from_Umbala.pdf</location>
  </event>
  <event>
    <recipient>People_First</recipient>
    <subject>Video Message</subject>
    <time>2:0:0</time>
    <type>video</type>
    <location>/currentScenario/files/testmp4.mp4</location>
  </event>
  <event>
    <recipient>Peace_Doves</recipient>
    <subject>All Sitreps</subject>
    <time>1:0:0</time>
    <type>pdf</type>
    <location>/currentScenario/files/Full_Real_Simulation_TestReview.pdf</location>
  </event>
  <event>
    <recipient>Red_Heart</recipient>
    <subject>All Sitreps</subject>
    <time>1:0:0</time>
    <type>pdf</type>
    <location>/currentScenario/files/Full_Real_Simulation_TestReview.pdf</location>
  </event>
  <event>
    <recipient>EWB</recipient>
    <subject>All Sitreps</subject>
    <time>1:0:0</time>
    <type>pdf</type>
    <location>/currentScenario/files/Full_Real_Simulation_TestReview.pdf</location>
  </event>
  <event>
    <recipient>People_First</recipient>
    <subject>All Sitreps</subject>
    <time>1:0:0</time>
    <type>pdf</type>
    <location>/currentScenario/files/Full_Real_Simulation_TestReview.pdf</location>
  </event>
  <library>
    <subject>earthquake</subject>
    <type>audio</type>
    <location>/currentScenario/files/library/testmp3.mp3</location>
  </library>
  <library>
    <subject>Budget Request</subject>
    <type>pdf</type>
    <location>/currentScenario/files/library/004_HQ_Budget_Request.pdf</location>
  </library>
  <library>
    <subject>Daily SitRep Request</subject>
    <type>pdf</type>
    <location>/currentScenario/files/library/003_HQ_Daily_SitRep_Request.pdf</location>
  </library>
</scenario>