<?xml version="1.0" encoding="UTF-8"?>
<scenario>
	<name>Sebadoah</name>
	<ngoCount>50</ngoCount>
	<duration>19800000</duration>
	<hoursInDay>1</hoursInDay>
	<mode>online</mode>

	<ngo>
		<name>People First</name>
		<passkey>ngo1</passkey>

	</ngo>

	<ngo>
		<name>We Care</name>
		<passkey>ngo2</passkey>

	</ngo>

	<ngo>
		<name>EWB</name>
		<passkey>ngo3</passkey>

	</ngo>

	<ngo>
		<name>Red Heart</name>
		<passkey>ngo4</passkey>

	</ngo>

	<ngo>
		<name>Peacedoves</name>
		<passkey>ngo5</passkey>

	</ngo>

	<ngo>
		<name>Reach Up</name>
		<passkey>ngo6</passkey>

	</ngo>

	<ngo>
		<name>People First1</name>
		<passkey>ngo7</passkey>

	</ngo>

	<ngo>
		<name>We Care1</name>
		<passkey>ngo8</passkey>

	</ngo>

	<ngo>
		<name>EWB1</name>
		<passkey>ngo9</passkey>

	</ngo>

	<ngo>
		<name>Red Heart1</name>
		<passkey>ngo10</passkey>

	</ngo>

	<ngo>
		<name>Peacedoves1</name>
		<passkey>ngo11</passkey>

	</ngo>

	<ngo>
		<name>Reach Up1</name>
		<passkey>ngo12</passkey>

	</ngo>
	
	<event>
		<recipient>Peacedoves</recipient>
        <subject>Set up</subject>
		<time>00:00:10</time>
		<type>pdf</type>
		<location>/currentScenario/files/000 Needs assessment letter.pdf</location>
	</event>

	<event>
		<recipient>Peacedoves</recipient>
		<subject>Introduction into Sebadoah</subject>
		<time>00:02:00</time>
		<type>pdf</type>
		<location>/currentScenario/files/001 Activation of Cluster System.pdf</location>
	</event>

	<event>
		<recipient>Peacedoves</recipient>
		<subject>President of Sebadoah</subject>
		<time>00:04:00</time>
		<type>pdf</type>
		<location>/currentScenario/files/002 Purchase from Umbala.pdf</location>
	</event>

	<event>
		<recipient>Peacedoves</recipient>
		<subject>SitRep Request</subject>
		<time>00:06:00</time>
		<type>pdf</type>
		<location>/currentScenario/files/003 HQ Daily SitRep Request.pdf</location>
	</event>

	<event>
		<recipient>Peacedoves</recipient>
		<subject>Budget Request</subject>
		<time>00:08:00</time>
		<type>pdf</type>
		<location>/currentScenario/files/004 HQ Budget Request.pdf</location>
	</event>

	<event>
		<recipient>Peacedoves</recipient>
		<subject>Flood Update</subject>
		<time>00:10:00</time>
		<type>pdf</type>
		<location>/currentScenario/files/005 DisCom Flood Update.pdf</location>
	</event>

	<event>
		<recipient>Peacedoves</recipient>
		<subject>Request Cluster SitReps</subject>
		<time>00:12:00</time>
		<type>pdf</type>
		<location>/currentScenario/files/006 Request Cluster SitReps.pdf</location>
	</event>

	<event>
		<recipient>Peacedoves</recipient>
		<subject>Request SitReps</subject>
		<time>00:14:00</time>
		<type>pdf</type>
		<location>/currentScenario/files/007 HQ No Daily SitRep.pdf</location>
	</event>

	<event>
		<recipient>Peacedoves</recipient>
		<subject>Budget</subject>
		<time>00:16:00</time>
		<type>pdf</type>
		<location>/currentScenario/files/008 HQ No Budget.pdf</location>
	</event>

	<event>
		<recipient>Peacedoves</recipient>
		<subject>Sit Reps Request</subject>
		<time>00:18:00</time>
		<type>pdf</type>
		<location>/currentScenario/files/009 No Daily Cluster SitReps.pdf</location>
	</event>

	<event>
		<recipient>Peacedoves</recipient>
		<subject>Information Request</subject>
		<time>00:20:00</time>
		<type>pdf</type>
		<location>/currentScenario/files/010 HQ Site Info Request.pdf</location>
	</event>

	<event>
		<recipient>Peacedoves</recipient>
		<subject>Planning Request</subject>
		<time>00:22:00</time>
		<type>pdf</type>
		<location>/currentScenario/files/011 HQ Planning Request.pdf</location>
	</event>

	<event>
		<recipient>Peacedoves</recipient>
		<subject>Kidnapping</subject>
		<time>00:24:00</time>
		<type>pdf</type>
		<location>/currentScenario/files/012 HQ Kidnapping.pdf</location>
	</event>

	<event>
		<recipient>Peacedoves</recipient>
		<subject>Kidnapping</subject>
		<time>00:26:00</time>
		<type>pdf</type>
		<location>/currentScenario/files/012 HQ Kidnapping.pdf</location>
	</event>

	<event>
		<recipient>Peacedoves</recipient>
		<subject>Reminder Flash Appeal</subject>
		<time>00:28:00</time>
		<type>pdf</type>
		<location>/currentScenario/files/013 Reminder - Flash Appeal.pdf</location>
	</event>

	<event>
		<recipient>Peacedoves</recipient>
		<subject>Gender Audit</subject>
		<time>00:30:00</time>
		<type>pdf</type>
		<location>/currentScenario/files/014 HQ Gender Audit.pdf</location>
	</event>

	<event>
		<recipient>Peacedoves</recipient>
		<subject>DayinLife Request</subject>
		<time>00:32:00</time>
		<type>pdf</type>
		<location>/currentScenario/files/015 HQ DayinLife Request.pdf</location>
	</event>
    
    <library>
        <subject>Test</subject>
        <type>pdf</type>
        <location>/currentScenario/files/library/test.pdf</location>
    </library>
</scenario>
