<?xml version="1.0"?>
<scenario>
  <name>Full Real Simulation Test</name>
  <ngoCount>3</ngoCount>
  <duration>60000</duration>
  <hoursInDay>1</hoursInDay>
  <mode>false</mode>
  <ngo>
    <name>Lachlan</name>
    <passkey>1</passkey>
  </ngo>
  <ngo>
    <name>Tom</name>
    <passkey>2</passkey>
  </ngo>
  <ngo>
    <name>Riley</name>
    <passkey>3</passkey>
  </ngo>
  <tag>Peace</tag>
  <tag>War</tag>
  <tag>Love</tag>
  <event>
    <recipient>Lachlan</recipient>
    <subject>e1</subject>
    <time>0:5:0</time>
    <type>pdf</type>
    <location>/currentScenario/files/000_Needs_assessment_letter.pdf</location>
  </event>
  <event>
    <recipient>Tom</recipient>
    <subject>e2</subject>
    <time>0:10:0</time>
    <type>pdf</type>
    <location>/currentScenario/files/001_Activation_of_Cluster_System.pdf</location>
  </event>
  <event>
    <recipient>Riley</recipient>
    <subject>e3</subject>
    <time>0:15:0</time>
    <type>pdf</type>
    <location>/currentScenario/files/002_Purchase_from_Umbala.pdf</location>
  </event>
  <event>
    <recipient>Lachlan</recipient>
    <subject>e5</subject>
    <time>0:25:0</time>
    <type>pdf</type>
    <location>/currentScenario/files/005_DisCom_Flood_Update.pdf</location>
  </event>
  <event>
    <recipient>Tom</recipient>
    <subject>e6</subject>
    <time>0:30:0</time>
    <type>pdf</type>
    <location>/currentScenario/files/006_Request_Cluster_SitReps.pdf</location>
  </event>
  <event>
    <recipient>Lachlan</recipient>
    <subject>e8</subject>
    <time>0:40:0</time>
    <type>pdf</type>
    <location>/currentScenario/files/008_HQ_No_Budget.pdf</location>
  </event>
  <event>
    <recipient>Tom</recipient>
    <subject>e9</subject>
    <time>0:50:0</time>
    <type>pdf</type>
    <location>/currentScenario/files/009_No_Daily_Cluster_SitReps.pdf</location>
  </event>
  <event>
    <recipient>Riley</recipient>
    <subject>e10</subject>
    <time>1:0:0</time>
    <type>pdf</type>
    <location>/currentScenario/files/010_HQ_Site_Info_Request.pdf</location>
  </event>
  <event>
    <recipient>Lachlan</recipient>
    <subject>e11</subject>
    <time>1:5:0</time>
    <type>pdf</type>
    <location>/currentScenario/files/011_HQ_Planning_Request.pdf</location>
  </event>
  <event>
    <recipient>Tom</recipient>
    <subject>e12</subject>
    <time>1:10:0</time>
    <type>video</type>
    <location>/currentScenario/files/testmp4.mp4</location>
  </event>
  <event>
    <recipient>Riley</recipient>
    <subject>e13</subject>
    <time>1:20:0</time>
    <type>audio</type>
    <location>/currentScenario/files/testmp3.mp3</location>
  </event>
  <event>
    <recipient>Lachlan</recipient>
    <subject>e15</subject>
    <time>1:40:0</time>
    <type>pdf</type>
    <location>/currentScenario/files/015_HQ_DayinLife_Request.pdf</location>
  </event>
  <event>
    <recipient>Tom</recipient>
    <subject>e16</subject>
    <time>1:50:0</time>
    <type>pdf</type>
    <location>/currentScenario/files/000_Needs_assessment_letter.pdf</location>
  </event>
  <event>
    <recipient>Riley</recipient>
    <subject>e17</subject>
    <time>2:2:0</time>
    <type>pdf</type>
    <location>/currentScenario/files/002_Purchase_from_Umbala.pdf</location>
  </event>
  <event>
    <recipient>Lachlan</recipient>
    <subject>All Sitreps</subject>
    <time>1:0:0</time>
    <type>pdf</type>
    <location>/currentScenario/files/Full_Real_Simulation_TestReview.pdf</location>
  </event>
  <event>
    <recipient>Tom</recipient>
    <subject>All Sitreps</subject>
    <time>1:0:0</time>
    <type>pdf</type>
    <location>/currentScenario/files/Full_Real_Simulation_TestReview.pdf</location>
  </event>
  <event>
    <recipient>Riley</recipient>
    <subject>All Sitreps</subject>
    <time>1:0:0</time>
    <type>pdf</type>
    <location>/currentScenario/files/Full_Real_Simulation_TestReview.pdf</location>
  </event>
  <library>
    <subject>earthquake</subject>
    <type>audio</type>
    <location>/currentScenario/files/library/testmp3.mp3</location>
  </library>
</scenario>